{"lr": 0.005, "data_time": 0.000592041015625, "loss": 0.7144415259361268, "time": 0.2061333179473877, "epoch": 1, "iter": 72, "memory": 2856, "step": 72}
{"accuracy/top1": 93.88111877441406, "data_time": 0.7105819119347466, "time": 0.7837746010886298, "step": 1}
{"lr": 0.005, "data_time": 0.0010084390640258789, "loss": 0.7123904824256897, "time": 0.1927119731903076, "epoch": 2, "iter": 144, "memory": 2855, "step": 144}
{"accuracy/top1": 94.93006896972656, "data_time": 0.003128403111508018, "time": 0.0699731801685534, "step": 2}
{"lr": 0.005, "data_time": 0.0006505250930786133, "loss": 0.6516859591007232, "time": 0.19756920337677003, "epoch": 3, "iter": 216, "memory": 2855, "step": 216}
{"accuracy/top1": 95.27972412109375, "data_time": 0.0040243550350791525, "time": 0.07097200343483373, "step": 3}
{"lr": 0.005, "data_time": 0.0007290840148925781, "loss": 0.5921283215284348, "time": 0.19354579448699952, "epoch": 4, "iter": 288, "memory": 2855, "step": 288}
{"accuracy/top1": 95.6293716430664, "data_time": 0.006056597358302066, "time": 0.07224072908100329, "step": 4}
{"lr": 0.005, "data_time": 0.000712728500366211, "loss": 0.5711687743663788, "time": 0.19630749225616456, "epoch": 5, "iter": 360, "memory": 2855, "step": 360}
{"accuracy/top1": 97.02796936035156, "data_time": 0.0037085257078471935, "time": 0.06994977750276264, "step": 5}
{"lr": 0.0005, "data_time": 0.0010838747024536134, "loss": 0.4908678472042084, "time": 0.20127525329589843, "epoch": 6, "iter": 432, "memory": 2855, "step": 432}
{"accuracy/top1": 96.32867431640625, "data_time": 0.002973719647056178, "time": 0.06923905171846088, "step": 6}
{"lr": 0.0005, "data_time": 0.0007010698318481445, "loss": 0.4919737309217453, "time": 0.20856974124908448, "epoch": 7, "iter": 504, "memory": 2855, "step": 504}
{"accuracy/top1": 96.6783218383789, "data_time": 0.00287259252447831, "time": 0.07085473913895457, "step": 7}
{"lr": 0.0005, "data_time": 0.0004963874816894531, "loss": 0.5011126905679703, "time": 0.20802619457244872, "epoch": 8, "iter": 576, "memory": 2855, "step": 576}
{"accuracy/top1": 96.6783218383789, "data_time": 0.004059942145096629, "time": 0.07288104609439247, "step": 8}
{"lr": 0.0005, "data_time": 0.0011512517929077148, "loss": 0.5350005149841308, "time": 0.20908381938934326, "epoch": 9, "iter": 648, "memory": 2855, "step": 648}
{"accuracy/top1": 97.02796936035156, "data_time": 0.003567645424290707, "time": 0.07293873084218878, "step": 9}
{"lr": 0.0005, "data_time": 0.0003792762756347656, "loss": 0.4689389616250992, "time": 0.2121281623840332, "epoch": 10, "iter": 720, "memory": 2855, "step": 720}
{"accuracy/top1": 96.6783218383789, "data_time": 0.0035189578407689146, "time": 0.07210580926192434, "step": 10}
{"lr": 5e-05, "data_time": 0.0006441354751586914, "loss": 0.4930580347776413, "time": 0.2241905450820923, "epoch": 11, "iter": 792, "memory": 2855, "step": 792}
{"accuracy/top1": 96.6783218383789, "data_time": 0.003372342962967722, "time": 0.07433299014442846, "step": 11}
{"lr": 5e-05, "data_time": 0.000898432731628418, "loss": 0.49288417398929596, "time": 0.21676111221313477, "epoch": 12, "iter": 864, "memory": 2855, "step": 864}
{"accuracy/top1": 96.8531494140625, "data_time": 0.003969079569766396, "time": 0.07627153396606445, "step": 12}
{"lr": 5e-05, "data_time": 0.0013284921646118165, "loss": 0.5058453023433686, "time": 0.23219187259674073, "epoch": 13, "iter": 936, "memory": 2855, "step": 936}
{"accuracy/top1": 96.8531494140625, "data_time": 0.0042510534587659335, "time": 0.08240726119593571, "step": 13}
{"lr": 5e-05, "data_time": 0.0006512880325317382, "loss": 0.47185908257961273, "time": 0.24084956645965577, "epoch": 14, "iter": 1008, "memory": 2855, "step": 1008}
{"accuracy/top1": 96.8531494140625, "data_time": 0.004501807062249435, "time": 0.0801605550866378, "step": 14}
{"lr": 5e-05, "data_time": 0.0008091926574707031, "loss": 0.4934136360883713, "time": 0.2275700092315674, "epoch": 15, "iter": 1080, "memory": 2855, "step": 1080}
{"accuracy/top1": 96.50349426269531, "data_time": 0.006959388130589535, "time": 0.08276097398055227, "step": 15}
